,name,R2 primer,probeseq,minP,spacer,filler,final_oligo
0,haplo333,GTGCTCTTCCGATCT,CTTTTACCCGCCTCCGCTGTGCTTACCTCGAAACTGTGTTTGACGAAAGATTTGGAGTAGAAAAAACGGTGAAACAACACCTGCCCCGTTGCCATCGCCACCTGCAGACAAGAGAGGAGAACGGAAGCGCAGGGGTCAGGCGGGCCCGCTCCAGGCGCCGCCGCCATTTTGTGCCGCCGATCGCTTCCCTTT,CACTAGAGGGTATATAATGGAAGCTCGACTTCCAGCTTGGCAATCCGGTACTGT,GCAAAGTGAACACATCGCTAAGCGAAAGCTAAG,TAACCA,GTGCTCTTCCGATCTCTTTTACCCGCCTCCGCTGTGCTTACCTCGAAACTGTGTTTGACGAAAGATTTGGAGTAGAAAAAACGGTGAAACAACACCTGCCCCGTTGCCATCGCCACCTGCAGACAAGAGAGGAGAACGGAAGCGCAGGGGTCAGGCGGGCCCGCTCCAGGCGCCGCCGCCATTTTGTGCCGCCGATCGCTTCCCTTTCACTAGAGGGTATATAATGGAAGCTCGACTTCCAGCTTGGCAATCCGGTACTGTGCAAAGTGAACACATCGCTAAGCGAAAGCTAAGTAACCA
1,haplo71-76,GTGCTCTTCCGATCT,AGGTAAATAAATGAGGCCGCACAGGCTGTCCTGACACCACACACCTCTAGAATACCCTGGCTGTGCTGGGAGCTATTGGTGTCAGCTGAGTATTTTCATCCCTGTCCAAGTCACAATGATCTGACTGTACCAGCCTGTGTGGATGTTGCTAAGAGGAGGCAGACAGCACCATGAGCTCCCTTAGATGACGAT,CACTAGAGGGTATATAATGGAAGCTCGACTTCCAGCTTGGCAATCCGGTACTGT,GCAAAGTGAACACATCGCTAAGCGAAAGCTAAG,TAACCA,GTGCTCTTCCGATCTAGGTAAATAAATGAGGCCGCACAGGCTGTCCTGACACCACACACCTCTAGAATACCCTGGCTGTGCTGGGAGCTATTGGTGTCAGCTGAGTATTTTCATCCCTGTCCAAGTCACAATGATCTGACTGTACCAGCCTGTGTGGATGTTGCTAAGAGGAGGCAGACAGCACCATGAGCTCCCTTAGATGACGATCACTAGAGGGTATATAATGGAAGCTCGACTTCCAGCTTGGCAATCCGGTACTGTGCAAAGTGAACACATCGCTAAGCGAAAGCTAAGTAACCA
2,haplo257/259/260,GTGCTCTTCCGATCT,TGGGCAACAATATGAGGAGAGGTTTTGCTTCTTGGTCCCTGTCCCATCTGCTTAGAGTATCCGGGTTGTCTGGGGCTCCGAGGGAGGAGCACTACAGCAGGAGCCAGGAATTCGCCTGCCTCTGCCACCGTGTGACCCCGCATGACACTGACCCTCCCAGGGGGAGCCTCCCTTTCCTGGCCCTTGAGTGGG,CACTAGAGGGTATATAATGGAAGCTCGACTTCCAGCTTGGCAATCCGGTACTGT,GCAAAGTGAACACATCGCTAAGCGAAAGCTAAG,TAACCA,GTGCTCTTCCGATCTTGGGCAACAATATGAGGAGAGGTTTTGCTTCTTGGTCCCTGTCCCATCTGCTTAGAGTATCCGGGTTGTCTGGGGCTCCGAGGGAGGAGCACTACAGCAGGAGCCAGGAATTCGCCTGCCTCTGCCACCGTGTGACCCCGCATGACACTGACCCTCCCAGGGGGAGCCTCCCTTTCCTGGCCCTTGAGTGGGCACTAGAGGGTATATAATGGAAGCTCGACTTCCAGCTTGGCAATCCGGTACTGTGCAAAGTGAACACATCGCTAAGCGAAAGCTAAGTAACCA
3,haplo270/4/5,GTGCTCTTCCGATCT,CCAAGTAGTGGCTGTCCCACCCCTACCCTGGCCTGTGTCAACCACTGGCAAATGGAAAGTGTCTCTTAGAATCCAGAAAGAGGTCTCTGTAGGGCCAGATATAGCCCAGGCCTCTGATGGAAGGTCTCCAAGCCATACTGGCCCAATTCAGCCATAATCTGGCTTCACCAACACAGGCTGTACAGGCAATGA,CACTAGAGGGTATATAATGGAAGCTCGACTTCCAGCTTGGCAATCCGGTACTGT,GCAAAGTGAACACATCGCTAAGCGAAAGCTAAG,TAACCA,GTGCTCTTCCGATCTCCAAGTAGTGGCTGTCCCACCCCTACCCTGGCCTGTGTCAACCACTGGCAAATGGAAAGTGTCTCTTAGAATCCAGAAAGAGGTCTCTGTAGGGCCAGATATAGCCCAGGCCTCTGATGGAAGGTCTCCAAGCCATACTGGCCCAATTCAGCCATAATCTGGCTTCACCAACACAGGCTGTACAGGCAATGACACTAGAGGGTATATAATGGAAGCTCGACTTCCAGCTTGGCAATCCGGTACTGTGCAAAGTGAACACATCGCTAAGCGAAAGCTAAGTAACCA
4,haplo209/10,GTGCTCTTCCGATCT,GCACGAAGGGGTCCCAGGCGGGTCGCCAGCGGCGCGGCTTACAATGGCCGGTTCGACCCAGAACGGTCGCCGCCGCAAGGCGGGTGAACTTTCCCGCCCTATGCGCCTGTTTCCGCGGGCCAGGCCGTCCGCCCGCGCCGCGTGGCCTGCCTAGCTGCACCTTAGCCCCCATGCGCCGGGTAGGCCCGGGCC,CACTAGAGGGTATATAATGGAAGCTCGACTTCCAGCTTGGCAATCCGGTACTGT,GCAAAGTGAACACATCGCTAAGCGAAAGCTAAG,TAACCA,GTGCTCTTCCGATCTGCACGAAGGGGTCCCAGGCGGGTCGCCAGCGGCGCGGCTTACAATGGCCGGTTCGACCCAGAACGGTCGCCGCCGCAAGGCGGGTGAACTTTCCCGCCCTATGCGCCTGTTTCCGCGGGCCAGGCCGTCCGCCCGCGCCGCGTGGCCTGCCTAGCTGCACCTTAGCCCCCATGCGCCGGGTAGGCCCGGGCCCACTAGAGGGTATATAATGGAAGCTCGACTTCCAGCTTGGCAATCCGGTACTGTGCAAAGTGAACACATCGCTAAGCGAAAGCTAAGTAACCA
5,haplo103-6,GTGCTCTTCCGATCT,CGGAGGATGGAGGGCGAGGGCGCATGCGTCAGCCGTGCCGCTGGGGCCGCGTAGGAGAGCTGAGCTGCTGGGTCCTGCCGTCAGTGCAGTTTCTTGGCAGCACGTTGGGGACACTGCGCCATGAGAACAGAGCCACAGAATGTTAAAGGCACAGCCTCCTTCGAGGGCATTTGCATAATGCCTCCCGTTTAC,CACTAGAGGGTATATAATGGAAGCTCGACTTCCAGCTTGGCAATCCGGTACTGT,GCAAAGTGAACACATCGCTAAGCGAAAGCTAAG,TAACCA,GTGCTCTTCCGATCTCGGAGGATGGAGGGCGAGGGCGCATGCGTCAGCCGTGCCGCTGGGGCCGCGTAGGAGAGCTGAGCTGCTGGGTCCTGCCGTCAGTGCAGTTTCTTGGCAGCACGTTGGGGACACTGCGCCATGAGAACAGAGCCACAGAATGTTAAAGGCACAGCCTCCTTCGAGGGCATTTGCATAATGCCTCCCGTTTACCACTAGAGGGTATATAATGGAAGCTCGACTTCCAGCTTGGCAATCCGGTACTGTGCAAAGTGAACACATCGCTAAGCGAAAGCTAAGTAACCA
6,haplo365,GTGCTCTTCCGATCT,GCCTGCCCAGTGCCCAGTCTCCCTTCCTCAGTTCTCCCTTGAGGACCTGCAACTTCTCCATTCTCAGCAAAAGTGGTTTGGGTAGGACTAACCTCTTTCCTACTTTGTGAACTAATCTGAGTCTCCCATCGCCCTTCCCTCCCACACAGCGATTGGTTCTGTATGTCTGTCATGTCCAGAACTCTTGCTGGA,CACTAGAGGGTATATAATGGAAGCTCGACTTCCAGCTTGGCAATCCGGTACTGT,GCAAAGTGAACACATCGCTAAGCGAAAGCTAAG,TAACCA,GTGCTCTTCCGATCTGCCTGCCCAGTGCCCAGTCTCCCTTCCTCAGTTCTCCCTTGAGGACCTGCAACTTCTCCATTCTCAGCAAAAGTGGTTTGGGTAGGACTAACCTCTTTCCTACTTTGTGAACTAATCTGAGTCTCCCATCGCCCTTCCCTCCCACACAGCGATTGGTTCTGTATGTCTGTCATGTCCAGAACTCTTGCTGGACACTAGAGGGTATATAATGGAAGCTCGACTTCCAGCTTGGCAATCCGGTACTGTGCAAAGTGAACACATCGCTAAGCGAAAGCTAAGTAACCA
7,haplo338-42,GTGCTCTTCCGATCT,CCCCGAACGGGAAAGCCTGAAGGAACCGTCCCCACCCTCCCGGGGCACGGTGATACTGAGATGCGGCGTAGGGGACGGAGGAGAGGAGAGGAGCGCCCGGCCGGCCCGGGGCCGGAGCACTGACCTGCGGCAGCCGGAGGAGAATGCCGGCGGCCTGGATGAGCTCGCAGCCCAGGATGCGTAAGTCCGTCT,CACTAGAGGGTATATAATGGAAGCTCGACTTCCAGCTTGGCAATCCGGTACTGT,GCAAAGTGAACACATCGCTAAGCGAAAGCTAAG,TAACCA,GTGCTCTTCCGATCTCCCCGAACGGGAAAGCCTGAAGGAACCGTCCCCACCCTCCCGGGGCACGGTGATACTGAGATGCGGCGTAGGGGACGGAGGAGAGGAGAGGAGCGCCCGGCCGGCCCGGGGCCGGAGCACTGACCTGCGGCAGCCGGAGGAGAATGCCGGCGGCCTGGATGAGCTCGCAGCCCAGGATGCGTAAGTCCGTCTCACTAGAGGGTATATAATGGAAGCTCGACTTCCAGCTTGGCAATCCGGTACTGTGCAAAGTGAACACATCGCTAAGCGAAAGCTAAGTAACCA
8,haplo346-50,GTGCTCTTCCGATCT,TTCCGCCCTGACGTCACCACGCCGGGCAGCCGCGCGCCAACTAGTCCCTCCAGGCCGCGCCTCCGCCCTCGGCATCTGGGCCTGCGAGGGGAGTGTTGGGTGCTGCGACAGACCTTGGGATCCTCAGAGGCTGAGGAGGCCTTCTCTAGCCAAGGCCGGTCGAAACCACCTTGTTTGTGATAGCCACACGAA,CACTAGAGGGTATATAATGGAAGCTCGACTTCCAGCTTGGCAATCCGGTACTGT,GCAAAGTGAACACATCGCTAAGCGAAAGCTAAG,TAACCA,GTGCTCTTCCGATCTTTCCGCCCTGACGTCACCACGCCGGGCAGCCGCGCGCCAACTAGTCCCTCCAGGCCGCGCCTCCGCCCTCGGCATCTGGGCCTGCGAGGGGAGTGTTGGGTGCTGCGACAGACCTTGGGATCCTCAGAGGCTGAGGAGGCCTTCTCTAGCCAAGGCCGGTCGAAACCACCTTGTTTGTGATAGCCACACGAACACTAGAGGGTATATAATGGAAGCTCGACTTCCAGCTTGGCAATCCGGTACTGTGCAAAGTGAACACATCGCTAAGCGAAAGCTAAGTAACCA
9,haplo276/8,GTGCTCTTCCGATCT,CCAGGCAACAAAGCAGTGCATTGGTTTCACCATGTTCTCTCTGAATGTCCCTCAGCTCAACTGATGCAGCATGATAGGGATGGTCTAGGGTGACAAACACGGACTGCCACACCCTGCTTATGCTTTAACTATTTCTGTTTATATGCACAGCCTTCATATCCAATGCAAAGTGAAACAAGGTGGTTTTTGCCC,CACTAGAGGGTATATAATGGAAGCTCGACTTCCAGCTTGGCAATCCGGTACTGT,GCAAAGTGAACACATCGCTAAGCGAAAGCTAAG,TAACCA,GTGCTCTTCCGATCTCCAGGCAACAAAGCAGTGCATTGGTTTCACCATGTTCTCTCTGAATGTCCCTCAGCTCAACTGATGCAGCATGATAGGGATGGTCTAGGGTGACAAACACGGACTGCCACACCCTGCTTATGCTTTAACTATTTCTGTTTATATGCACAGCCTTCATATCCAATGCAAAGTGAAACAAGGTGGTTTTTGCCCCACTAGAGGGTATATAATGGAAGCTCGACTTCCAGCTTGGCAATCCGGTACTGTGCAAAGTGAACACATCGCTAAGCGAAAGCTAAGTAACCA
10,haplo250-3,GTGCTCTTCCGATCT,GAGCCAGAAACGATGAACTGCGACTCTACTCCTCATCTGTGTGGCAGGCCTGTCATTCCTCCTCCAGTCGGGCCTGCCTAACTAGACCAGCACTGGGGTCACTCTGCGTGTGAGTGGGGAGGGATTCCTGCCTATCCAGTGACCCTGCTTAGTGGGTGGATGCCACCTCTGTCCCTGGAGCACCCGAAGCAC,CACTAGAGGGTATATAATGGAAGCTCGACTTCCAGCTTGGCAATCCGGTACTGT,GCAAAGTGAACACATCGCTAAGCGAAAGCTAAG,TAACCA,GTGCTCTTCCGATCTGAGCCAGAAACGATGAACTGCGACTCTACTCCTCATCTGTGTGGCAGGCCTGTCATTCCTCCTCCAGTCGGGCCTGCCTAACTAGACCAGCACTGGGGTCACTCTGCGTGTGAGTGGGGAGGGATTCCTGCCTATCCAGTGACCCTGCTTAGTGGGTGGATGCCACCTCTGTCCCTGGAGCACCCGAAGCACCACTAGAGGGTATATAATGGAAGCTCGACTTCCAGCTTGGCAATCCGGTACTGTGCAAAGTGAACACATCGCTAAGCGAAAGCTAAGTAACCA
11,haplo100-2,GTGCTCTTCCGATCT,GGCACGTCCAGCGCGCGGGCGGGAACACGCTCTCCTGTGGGGGGCAGCTTTCCCAGGGACCTTGCCTAACGAGGGCCAGGCGGCTCCCCCGTGGGCCCCGAATGGCTCCTGGCAGGCAGACCCCTATCCCTGTCGAGAGCACTGATTTCCCCAGCGTCGGGGGAGGCAGCCGCGCCCTCCTGGAGCGAGGCA,CACTAGAGGGTATATAATGGAAGCTCGACTTCCAGCTTGGCAATCCGGTACTGT,GCAAAGTGAACACATCGCTAAGCGAAAGCTAAG,TAACCA,GTGCTCTTCCGATCTGGCACGTCCAGCGCGCGGGCGGGAACACGCTCTCCTGTGGGGGGCAGCTTTCCCAGGGACCTTGCCTAACGAGGGCCAGGCGGCTCCCCCGTGGGCCCCGAATGGCTCCTGGCAGGCAGACCCCTATCCCTGTCGAGAGCACTGATTTCCCCAGCGTCGGGGGAGGCAGCCGCGCCCTCCTGGAGCGAGGCACACTAGAGGGTATATAATGGAAGCTCGACTTCCAGCTTGGCAATCCGGTACTGTGCAAAGTGAACACATCGCTAAGCGAAAGCTAAGTAACCA
12,haplo160/1,GTGCTCTTCCGATCT,TGAGCATGTGTGTTGGAGCCTGGAGAGAAACGCCTGATCTGTGTGGCAGCCTGTATTCTCTGAACATTCTTCCTGGGCATGGTTTTAGACAAGATGTTAAAGATGGAGACAGATGATGAGGAATTGAAATTGCTTTAGTATACCAGTTGTCAGTGTGACATGGCTAAAACTGTCCAGGGCCTGGGTTCTTGA,CACTAGAGGGTATATAATGGAAGCTCGACTTCCAGCTTGGCAATCCGGTACTGT,GCAAAGTGAACACATCGCTAAGCGAAAGCTAAG,TAACCA,GTGCTCTTCCGATCTTGAGCATGTGTGTTGGAGCCTGGAGAGAAACGCCTGATCTGTGTGGCAGCCTGTATTCTCTGAACATTCTTCCTGGGCATGGTTTTAGACAAGATGTTAAAGATGGAGACAGATGATGAGGAATTGAAATTGCTTTAGTATACCAGTTGTCAGTGTGACATGGCTAAAACTGTCCAGGGCCTGGGTTCTTGACACTAGAGGGTATATAATGGAAGCTCGACTTCCAGCTTGGCAATCCGGTACTGTGCAAAGTGAACACATCGCTAAGCGAAAGCTAAGTAACCA
13,haplo213/14/16/17,GTGCTCTTCCGATCT,TATTAGTAACAACTGACTCACAGCACACCTTGTAGCTGTGGAAGCCCCATCTGATACCCAGACCCCTGATGCAATGCAGCTGCTCTGAGATATGCCGGGAAACCACAGCTCAGGAATCAGTTCTTATTTTCCTTCAAGTAGCAGCACAGATTTCCTTACTTTCAACTGTCATGAGCTGAACTCATTTTTCAA,CACTAGAGGGTATATAATGGAAGCTCGACTTCCAGCTTGGCAATCCGGTACTGT,GCAAAGTGAACACATCGCTAAGCGAAAGCTAAG,TAACCA,GTGCTCTTCCGATCTTATTAGTAACAACTGACTCACAGCACACCTTGTAGCTGTGGAAGCCCCATCTGATACCCAGACCCCTGATGCAATGCAGCTGCTCTGAGATATGCCGGGAAACCACAGCTCAGGAATCAGTTCTTATTTTCCTTCAAGTAGCAGCACAGATTTCCTTACTTTCAACTGTCATGAGCTGAACTCATTTTTCAACACTAGAGGGTATATAATGGAAGCTCGACTTCCAGCTTGGCAATCCGGTACTGTGCAAAGTGAACACATCGCTAAGCGAAAGCTAAGTAACCA
14,haplo248/49,GTGCTCTTCCGATCT,ACTGTGTTTTCCCCAGAGTCCCTTCTAGTACCAACAGGAGAGGATCAGATCATCCTAAAAGCCCTCTTCAATTCTGAAGTCAGTCATCCTCTATCAGAGTTCCTGAACACAGCCAGGCTGGTTCTGCCGGGGATAGCCGTGGCTTGTGACTGCCATGCCTCTCCTCCTCCCAGGAAGGTACAGAATCCACAG,CACTAGAGGGTATATAATGGAAGCTCGACTTCCAGCTTGGCAATCCGGTACTGT,GCAAAGTGAACACATCGCTAAGCGAAAGCTAAG,TAACCA,GTGCTCTTCCGATCTACTGTGTTTTCCCCAGAGTCCCTTCTAGTACCAACAGGAGAGGATCAGATCATCCTAAAAGCCCTCTTCAATTCTGAAGTCAGTCATCCTCTATCAGAGTTCCTGAACACAGCCAGGCTGGTTCTGCCGGGGATAGCCGTGGCTTGTGACTGCCATGCCTCTCCTCCTCCCAGGAAGGTACAGAATCCACAGCACTAGAGGGTATATAATGGAAGCTCGACTTCCAGCTTGGCAATCCGGTACTGTGCAAAGTGAACACATCGCTAAGCGAAAGCTAAGTAACCA
15,haplo343-5,GTGCTCTTCCGATCT,TGAAACTTCCGAGTACAGGCGATCGCCGATCAGGATCCCTCCCGTCGTGGTCGTCGTCGTGGTCGTCGTCCCGGAGCTGGAGCCGCCCGCGCTTGGGGCGGCCGATGAGGCGGCTGCGGCAGCAGTAGCTGTCGAATGAGGCCCGGACGCCATAGTCTTAGCGAGCCGCACGCAAGCCCAACGCAGCCGGAA,CACTAGAGGGTATATAATGGAAGCTCGACTTCCAGCTTGGCAATCCGGTACTGT,GCAAAGTGAACACATCGCTAAGCGAAAGCTAAG,TAACCA,GTGCTCTTCCGATCTTGAAACTTCCGAGTACAGGCGATCGCCGATCAGGATCCCTCCCGTCGTGGTCGTCGTCGTGGTCGTCGTCCCGGAGCTGGAGCCGCCCGCGCTTGGGGCGGCCGATGAGGCGGCTGCGGCAGCAGTAGCTGTCGAATGAGGCCCGGACGCCATAGTCTTAGCGAGCCGCACGCAAGCCCAACGCAGCCGGAACACTAGAGGGTATATAATGGAAGCTCGACTTCCAGCTTGGCAATCCGGTACTGTGCAAAGTGAACACATCGCTAAGCGAAAGCTAAGTAACCA
16,haplo517,GTGCTCTTCCGATCT,AAAAGTAGTGATGCAATCGTTTCATATGTCTTTAGTGTCTTACAGAGCATTACAAATAAACTTCTGATAAATCATGCTCATTTTTCATATTATTAGAATTCTTCATCATTTAAAAATATTATGTTAGTTTCACAAGAGACCAGTTCTGGAGTACTTAATTTGCTACTCATTTGTATTATGAATTTGTTTAAT,CACTAGAGGGTATATAATGGAAGCTCGACTTCCAGCTTGGCAATCCGGTACTGT,GCAAAGTGAACACATCGCTAAGCGAAAGCTAAG,TAACCA,GTGCTCTTCCGATCTAAAAGTAGTGATGCAATCGTTTCATATGTCTTTAGTGTCTTACAGAGCATTACAAATAAACTTCTGATAAATCATGCTCATTTTTCATATTATTAGAATTCTTCATCATTTAAAAATATTATGTTAGTTTCACAAGAGACCAGTTCTGGAGTACTTAATTTGCTACTCATTTGTATTATGAATTTGTTTAATCACTAGAGGGTATATAATGGAAGCTCGACTTCCAGCTTGGCAATCCGGTACTGTGCAAAGTGAACACATCGCTAAGCGAAAGCTAAGTAACCA
17,haplo500/1,GTGCTCTTCCGATCT,ATGTTGAAGTTCAAACTATTTTCATTGATGTAAAAAAAAGGATACATATTCATAGTAGGCATGCACTAATAAGGGTTTTCCTGATAAACATCATTTAATTCAAGAAGATTAAAACTCACTGGAGGAAAAAATAGTATTTTTAAACATTTGGCTAAGTGAGCATTTCTCCAGTTTTAGAAAAAGAGTCATTAA,CACTAGAGGGTATATAATGGAAGCTCGACTTCCAGCTTGGCAATCCGGTACTGT,GCAAAGTGAACACATCGCTAAGCGAAAGCTAAG,TAACCA,GTGCTCTTCCGATCTATGTTGAAGTTCAAACTATTTTCATTGATGTAAAAAAAAGGATACATATTCATAGTAGGCATGCACTAATAAGGGTTTTCCTGATAAACATCATTTAATTCAAGAAGATTAAAACTCACTGGAGGAAAAAATAGTATTTTTAAACATTTGGCTAAGTGAGCATTTCTCCAGTTTTAGAAAAAGAGTCATTAACACTAGAGGGTATATAATGGAAGCTCGACTTCCAGCTTGGCAATCCGGTACTGTGCAAAGTGAACACATCGCTAAGCGAAAGCTAAGTAACCA
18,haplo318/19,GTGCTCTTCCGATCT,TTGGTGTTAATGTAGTTCTGATCAAGGATCAGGGGGCTTGGAGTCCTATAGTTTGTAAGAAATAAAATCAAAACTGTTTTGCACATCCAAAAAATTTTATTTGTGGCATCTCCATTTTCCCTTCCAACCAACTATTGGCAACAGAAACCAGCTTTTTAAACTCCTGCAAACAAGTTAAAGCATTAATCTTGT,CACTAGAGGGTATATAATGGAAGCTCGACTTCCAGCTTGGCAATCCGGTACTGT,GCAAAGTGAACACATCGCTAAGCGAAAGCTAAG,TAACCA,GTGCTCTTCCGATCTTTGGTGTTAATGTAGTTCTGATCAAGGATCAGGGGGCTTGGAGTCCTATAGTTTGTAAGAAATAAAATCAAAACTGTTTTGCACATCCAAAAAATTTTATTTGTGGCATCTCCATTTTCCCTTCCAACCAACTATTGGCAACAGAAACCAGCTTTTTAAACTCCTGCAAACAAGTTAAAGCATTAATCTTGTCACTAGAGGGTATATAATGGAAGCTCGACTTCCAGCTTGGCAATCCGGTACTGTGCAAAGTGAACACATCGCTAAGCGAAAGCTAAGTAACCA
19,haplo228-30,GTGCTCTTCCGATCT,CTTAGTGTCTTTCCTGTAGTTTTTCAAATTATTTATTCTTATATCTCATTAAGTAAAAATCAGGGGGAGGGGGATGACTTAGTTTTCAAGCATGTTCTTTAAAACCACAAACTAGAGAGCAGTGGGGTGGGGAGGTGCAGGGACATGTATGGGTTCCCATTGGTGCTATAACAAATCACATAACAAAGCTTG,CACTAGAGGGTATATAATGGAAGCTCGACTTCCAGCTTGGCAATCCGGTACTGT,GCAAAGTGAACACATCGCTAAGCGAAAGCTAAG,TAACCA,GTGCTCTTCCGATCTCTTAGTGTCTTTCCTGTAGTTTTTCAAATTATTTATTCTTATATCTCATTAAGTAAAAATCAGGGGGAGGGGGATGACTTAGTTTTCAAGCATGTTCTTTAAAACCACAAACTAGAGAGCAGTGGGGTGGGGAGGTGCAGGGACATGTATGGGTTCCCATTGGTGCTATAACAAATCACATAACAAAGCTTGCACTAGAGGGTATATAATGGAAGCTCGACTTCCAGCTTGGCAATCCGGTACTGTGCAAAGTGAACACATCGCTAAGCGAAAGCTAAGTAACCA
20,haplo379,GTGCTCTTCCGATCT,CCCCTCGAGCTAGTTCATCGCCTTTTAACCTGTGAGTTCTGTTAAAAGGAAGTAACTGCAAAATGTCTTCGCTGTTAGGTTTCTTTGGAAGTTTTGGGTTGTGTTCATGCGTTCTCTCGGCGTGTGAACTGGGAGAAAGTGGAGTGCCAGCCATATGAAATGACAACTGTATATGAAGGCTGGGAAGTATAA,CACTAGAGGGTATATAATGGAAGCTCGACTTCCAGCTTGGCAATCCGGTACTGT,GCAAAGTGAACACATCGCTAAGCGAAAGCTAAG,TAACCA,GTGCTCTTCCGATCTCCCCTCGAGCTAGTTCATCGCCTTTTAACCTGTGAGTTCTGTTAAAAGGAAGTAACTGCAAAATGTCTTCGCTGTTAGGTTTCTTTGGAAGTTTTGGGTTGTGTTCATGCGTTCTCTCGGCGTGTGAACTGGGAGAAAGTGGAGTGCCAGCCATATGAAATGACAACTGTATATGAAGGCTGGGAAGTATAACACTAGAGGGTATATAATGGAAGCTCGACTTCCAGCTTGGCAATCCGGTACTGTGCAAAGTGAACACATCGCTAAGCGAAAGCTAAGTAACCA
21,haplo367/9/70/1,GTGCTCTTCCGATCT,GGATAAACCTCGTAACACACTGCTTGTTTTGGGGTAAGTGAATTTAAGTATTATTATGGCATTTCCAATTTTCACGGAAGGACTCTGGCGATATCATAATCGTCACAAGCCCTGAAACGGCCATCAGAGGTCAAGCAGGGAGGTGGGTTTTCTGGAGGGCTTAACTGTGGGGTAAGTGACTGGAGGGGGCTG,CACTAGAGGGTATATAATGGAAGCTCGACTTCCAGCTTGGCAATCCGGTACTGT,GCAAAGTGAACACATCGCTAAGCGAAAGCTAAG,TAACCA,GTGCTCTTCCGATCTGGATAAACCTCGTAACACACTGCTTGTTTTGGGGTAAGTGAATTTAAGTATTATTATGGCATTTCCAATTTTCACGGAAGGACTCTGGCGATATCATAATCGTCACAAGCCCTGAAACGGCCATCAGAGGTCAAGCAGGGAGGTGGGTTTTCTGGAGGGCTTAACTGTGGGGTAAGTGACTGGAGGGGGCTGCACTAGAGGGTATATAATGGAAGCTCGACTTCCAGCTTGGCAATCCGGTACTGTGCAAAGTGAACACATCGCTAAGCGAAAGCTAAGTAACCA
22,haplo177/9/80,GTGCTCTTCCGATCT,ATGGTAATATTTTATTCCTCCAGGAAGGAGGGTGCCGGGATTGGGTGTGAGGGATGGGAGGGGACTGTATCCCAGCCCAGCCCAAACTTAGTAGCTTAAAGCAACCCCCATTCATCCAGCTCAATCTCTGTGGTTTGGCTGTGGTGGCTGGGGCCTCTCTGCACATGAGGACCAGGAGGCTGGTCCTGCCTT,CACTAGAGGGTATATAATGGAAGCTCGACTTCCAGCTTGGCAATCCGGTACTGT,GCAAAGTGAACACATCGCTAAGCGAAAGCTAAG,TAACCA,GTGCTCTTCCGATCTATGGTAATATTTTATTCCTCCAGGAAGGAGGGTGCCGGGATTGGGTGTGAGGGATGGGAGGGGACTGTATCCCAGCCCAGCCCAAACTTAGTAGCTTAAAGCAACCCCCATTCATCCAGCTCAATCTCTGTGGTTTGGCTGTGGTGGCTGGGGCCTCTCTGCACATGAGGACCAGGAGGCTGGTCCTGCCTTCACTAGAGGGTATATAATGGAAGCTCGACTTCCAGCTTGGCAATCCGGTACTGTGCAAAGTGAACACATCGCTAAGCGAAAGCTAAGTAACCA
23,haplo482,GTGCTCTTCCGATCT,GGCCTTAAGCAATCTTCCCGCCACTCTTTCCTGAGTAGCTGGGACTACAGGCACGTGCCATTGCACTCAGCTTGACAGTATGTTCTTATAACACAACTATTTGAAATCAAGTTCTAAAGATGAATCATGATAGAAAGTTGTTTGAAAAAATTGTTCCATTTTCTTTTAGAACCCAAGAAGACCTTCTACTGA,CACTAGAGGGTATATAATGGAAGCTCGACTTCCAGCTTGGCAATCCGGTACTGT,GCAAAGTGAACACATCGCTAAGCGAAAGCTAAG,TAACCA,GTGCTCTTCCGATCTGGCCTTAAGCAATCTTCCCGCCACTCTTTCCTGAGTAGCTGGGACTACAGGCACGTGCCATTGCACTCAGCTTGACAGTATGTTCTTATAACACAACTATTTGAAATCAAGTTCTAAAGATGAATCATGATAGAAAGTTGTTTGAAAAAATTGTTCCATTTTCTTTTAGAACCCAAGAAGACCTTCTACTGACACTAGAGGGTATATAATGGAAGCTCGACTTCCAGCTTGGCAATCCGGTACTGTGCAAAGTGAACACATCGCTAAGCGAAAGCTAAGTAACCA
24,haplo134/6/7,GTGCTCTTCCGATCT,ATCTAATCCTCATTATAACCCTGTGATAGATACACTGAAGAGCCACAGTCCCTTATTCAAACCCTTGTTTGGAACCAGCAGTGCTTGGCATGTCAGAACTTGGGGATTTGAGAAAGATATACAGTATATGTACCATAGGCTTTATAACACCTCATGGCATCTGCAACAGCATCCTGTTATGAAACATACTAA,CACTAGAGGGTATATAATGGAAGCTCGACTTCCAGCTTGGCAATCCGGTACTGT,GCAAAGTGAACACATCGCTAAGCGAAAGCTAAG,TAACCA,GTGCTCTTCCGATCTATCTAATCCTCATTATAACCCTGTGATAGATACACTGAAGAGCCACAGTCCCTTATTCAAACCCTTGTTTGGAACCAGCAGTGCTTGGCATGTCAGAACTTGGGGATTTGAGAAAGATATACAGTATATGTACCATAGGCTTTATAACACCTCATGGCATCTGCAACAGCATCCTGTTATGAAACATACTAACACTAGAGGGTATATAATGGAAGCTCGACTTCCAGCTTGGCAATCCGGTACTGTGCAAAGTGAACACATCGCTAAGCGAAAGCTAAGTAACCA
25,haplo401-4/6,GTGCTCTTCCGATCT,AAATACAGCAGACTGAATCTAGAAGCACATCAAAAAGCTGTGAAGTTGCAAAGTTGGCTCAGCATATGCAAATCAATAAGCATGATTCATCACATTGTGAAAGGAAAATAAATCTCAGGGCCCCAAAATCACTAAGCCAAAGGGAAGAGTCAAGCTGGGAAGGGCTTAGGGAAAACCTGCCTCCTATTCTAT,CACTAGAGGGTATATAATGGAAGCTCGACTTCCAGCTTGGCAATCCGGTACTGT,GCAAAGTGAACACATCGCTAAGCGAAAGCTAAG,TAACCA,GTGCTCTTCCGATCTAAATACAGCAGACTGAATCTAGAAGCACATCAAAAAGCTGTGAAGTTGCAAAGTTGGCTCAGCATATGCAAATCAATAAGCATGATTCATCACATTGTGAAAGGAAAATAAATCTCAGGGCCCCAAAATCACTAAGCCAAAGGGAAGAGTCAAGCTGGGAAGGGCTTAGGGAAAACCTGCCTCCTATTCTATCACTAGAGGGTATATAATGGAAGCTCGACTTCCAGCTTGGCAATCCGGTACTGTGCAAAGTGAACACATCGCTAAGCGAAAGCTAAGTAACCA
26,haplo419,GTGCTCTTCCGATCT,TACCCAAAAAGCTGACCACAGATGTCACTGGCAGGGTGTTACCAGGGAATATGTCTGAAGAGGCCAGCCCTGGGGTCAACTGTCTCCCTCAGCTGCCCCCGGAGACATGTAATCTCTGTTCTACACTCAGGTCCCTATTTTGTGAAGGAGCAGGGAGGAATGGGAGAAACAAATCTCCGAGGGCATTTGAAC,CACTAGAGGGTATATAATGGAAGCTCGACTTCCAGCTTGGCAATCCGGTACTGT,GCAAAGTGAACACATCGCTAAGCGAAAGCTAAG,TAACCA,GTGCTCTTCCGATCTTACCCAAAAAGCTGACCACAGATGTCACTGGCAGGGTGTTACCAGGGAATATGTCTGAAGAGGCCAGCCCTGGGGTCAACTGTCTCCCTCAGCTGCCCCCGGAGACATGTAATCTCTGTTCTACACTCAGGTCCCTATTTTGTGAAGGAGCAGGGAGGAATGGGAGAAACAAATCTCCGAGGGCATTTGAACCACTAGAGGGTATATAATGGAAGCTCGACTTCCAGCTTGGCAATCCGGTACTGTGCAAAGTGAACACATCGCTAAGCGAAAGCTAAGTAACCA
27,haplo469-71,GTGCTCTTCCGATCT,CTGTAACTCATTCTGGGAGGGAGCAGGGTGGGAGAGAAGAGGCAAGAGATGAGGTGTGAGAATCAGAGAGACCAATCCTAAAGAGCCTTGGGCACCATGCAGAGTGGAATGTAATGCTTTGTAGTGTAACATAATGAAAAAAAGCTTGTATAGTCATAGACCTCTTTTATTTCAAGAGCACAAGAGTTCAAT,CACTAGAGGGTATATAATGGAAGCTCGACTTCCAGCTTGGCAATCCGGTACTGT,GCAAAGTGAACACATCGCTAAGCGAAAGCTAAG,TAACCA,GTGCTCTTCCGATCTCTGTAACTCATTCTGGGAGGGAGCAGGGTGGGAGAGAAGAGGCAAGAGATGAGGTGTGAGAATCAGAGAGACCAATCCTAAAGAGCCTTGGGCACCATGCAGAGTGGAATGTAATGCTTTGTAGTGTAACATAATGAAAAAAAGCTTGTATAGTCATAGACCTCTTTTATTTCAAGAGCACAAGAGTTCAATCACTAGAGGGTATATAATGGAAGCTCGACTTCCAGCTTGGCAATCCGGTACTGTGCAAAGTGAACACATCGCTAAGCGAAAGCTAAGTAACCA
28,haplo509/11/12,GTGCTCTTCCGATCT,CATGCACTGATTATTTAAGAAAAGAACCCAACCACTATTAGATTAGAACAGACATTGCAGAGGGATTGCATACCTCTGTTCCCCCAGGAATAGAGTTATTTCGTTAACTATTTTCTAAAGGTTTTTCCTTTTTTTAAAAAATTTCCTTGACTGATGCAGAACATCTGGCTAACTGTGAAGGAATGTTCACGA,CACTAGAGGGTATATAATGGAAGCTCGACTTCCAGCTTGGCAATCCGGTACTGT,GCAAAGTGAACACATCGCTAAGCGAAAGCTAAG,TAACCA,GTGCTCTTCCGATCTCATGCACTGATTATTTAAGAAAAGAACCCAACCACTATTAGATTAGAACAGACATTGCAGAGGGATTGCATACCTCTGTTCCCCCAGGAATAGAGTTATTTCGTTAACTATTTTCTAAAGGTTTTTCCTTTTTTTAAAAAATTTCCTTGACTGATGCAGAACATCTGGCTAACTGTGAAGGAATGTTCACGACACTAGAGGGTATATAATGGAAGCTCGACTTCCAGCTTGGCAATCCGGTACTGTGCAAAGTGAACACATCGCTAAGCGAAAGCTAAGTAACCA
29,haplo464/66,GTGCTCTTCCGATCT,AAAGGCATGGGAAGAAAAGAACATGGGCTGGCTGTTACTGTAGGCAAGGATCTCTGGCTACTGGAGAACTTTCTAAGAGGGCCAGAATCCTTTCACTTTTTATGTCTCAAGACCTTTGTTATTTTGGGTGCTAAGGCCTCAGAATCATTAGAATAACTGAAGGAGTGAGCAATTGGGCCTTTGTTAGAGTAT,CACTAGAGGGTATATAATGGAAGCTCGACTTCCAGCTTGGCAATCCGGTACTGT,GCAAAGTGAACACATCGCTAAGCGAAAGCTAAG,TAACCA,GTGCTCTTCCGATCTAAAGGCATGGGAAGAAAAGAACATGGGCTGGCTGTTACTGTAGGCAAGGATCTCTGGCTACTGGAGAACTTTCTAAGAGGGCCAGAATCCTTTCACTTTTTATGTCTCAAGACCTTTGTTATTTTGGGTGCTAAGGCCTCAGAATCATTAGAATAACTGAAGGAGTGAGCAATTGGGCCTTTGTTAGAGTATCACTAGAGGGTATATAATGGAAGCTCGACTTCCAGCTTGGCAATCCGGTACTGTGCAAAGTGAACACATCGCTAAGCGAAAGCTAAGTAACCA
30,haplo445/47/49,GTGCTCTTCCGATCT,CATTCCTCCACATTAAAATATATTCCTGACTCCATTGTGACTTACTGCACGCTGTCTGTTTGGGCCACATGGTTCTGAGCACCCACCCCAGTCACTTTTATTTTTTTCTATGTACTAGCATTGTACTAGTGGTTTTCCTGAGGAATGTTATTTTGAAACATTGTAACAATCAGTTTGTTTATAACAATCAGT,CACTAGAGGGTATATAATGGAAGCTCGACTTCCAGCTTGGCAATCCGGTACTGT,GCAAAGTGAACACATCGCTAAGCGAAAGCTAAG,TAACCA,GTGCTCTTCCGATCTCATTCCTCCACATTAAAATATATTCCTGACTCCATTGTGACTTACTGCACGCTGTCTGTTTGGGCCACATGGTTCTGAGCACCCACCCCAGTCACTTTTATTTTTTTCTATGTACTAGCATTGTACTAGTGGTTTTCCTGAGGAATGTTATTTTGAAACATTGTAACAATCAGTTTGTTTATAACAATCAGTCACTAGAGGGTATATAATGGAAGCTCGACTTCCAGCTTGGCAATCCGGTACTGTGCAAAGTGAACACATCGCTAAGCGAAAGCTAAGTAACCA
31,haplo434,GTGCTCTTCCGATCT,AGATGACCTACTGATTACAATTCCTTTAGATATATACTCAGTAGTGGAATTGCTGGATCATATGATTGTTATATTTTTAATATTTTTGAGGAAACCTAAATATTGTTTTCCACAATGGCTGTACTAATTTACATTCTCACCAACAGTGTATAAGGGTTCCCTTTTCTCCACATCCTCACCAGCACTTGCTAT,CACTAGAGGGTATATAATGGAAGCTCGACTTCCAGCTTGGCAATCCGGTACTGT,GCAAAGTGAACACATCGCTAAGCGAAAGCTAAG,TAACCA,GTGCTCTTCCGATCTAGATGACCTACTGATTACAATTCCTTTAGATATATACTCAGTAGTGGAATTGCTGGATCATATGATTGTTATATTTTTAATATTTTTGAGGAAACCTAAATATTGTTTTCCACAATGGCTGTACTAATTTACATTCTCACCAACAGTGTATAAGGGTTCCCTTTTCTCCACATCCTCACCAGCACTTGCTATCACTAGAGGGTATATAATGGAAGCTCGACTTCCAGCTTGGCAATCCGGTACTGTGCAAAGTGAACACATCGCTAAGCGAAAGCTAAGTAACCA
32,haplo1/5,GTGCTCTTCCGATCT,TGATTAAAAACAACAAGGGAGCAAGTGAACTGGAAGGAGTCTTGACTGAGAGCCAAAGCCAGACTCCTGCTGCCTTCTGCTGGGCCAGAGTCCCCTCCTCCATCTGATGAGCCTAGTGCAGAAAAGAGAGCCCAAAAGATATTGCCTGGCTTTGTTTGAGAGGAATGCTAAAACCAGATCAGTACAGGGGGC,CACTAGAGGGTATATAATGGAAGCTCGACTTCCAGCTTGGCAATCCGGTACTGT,GCAAAGTGAACACATCGCTAAGCGAAAGCTAAG,TAACCA,GTGCTCTTCCGATCTTGATTAAAAACAACAAGGGAGCAAGTGAACTGGAAGGAGTCTTGACTGAGAGCCAAAGCCAGACTCCTGCTGCCTTCTGCTGGGCCAGAGTCCCCTCCTCCATCTGATGAGCCTAGTGCAGAAAAGAGAGCCCAAAAGATATTGCCTGGCTTTGTTTGAGAGGAATGCTAAAACCAGATCAGTACAGGGGGCCACTAGAGGGTATATAATGGAAGCTCGACTTCCAGCTTGGCAATCCGGTACTGTGCAAAGTGAACACATCGCTAAGCGAAAGCTAAGTAACCA
33,haplo383,GTGCTCTTCCGATCT,TGAAAGGCGGGGCATAAAAAGCAGTTAAAGAGCTTCGAGAAACGGTTACTCGTTTTGTAAACTAAAGACCAAATGAAAATCCAGCTGCACTAGAAAAGAAAGAAACTTATAAGGGCCGAAGGTTTTGTCTGCAATTTACAGCTAATTAGTCTCAAAGATTTCTGTGATTTGCCCAAGAGAGGTGGAGTTGGG,CACTAGAGGGTATATAATGGAAGCTCGACTTCCAGCTTGGCAATCCGGTACTGT,GCAAAGTGAACACATCGCTAAGCGAAAGCTAAG,TAACCA,GTGCTCTTCCGATCTTGAAAGGCGGGGCATAAAAAGCAGTTAAAGAGCTTCGAGAAACGGTTACTCGTTTTGTAAACTAAAGACCAAATGAAAATCCAGCTGCACTAGAAAAGAAAGAAACTTATAAGGGCCGAAGGTTTTGTCTGCAATTTACAGCTAATTAGTCTCAAAGATTTCTGTGATTTGCCCAAGAGAGGTGGAGTTGGGCACTAGAGGGTATATAATGGAAGCTCGACTTCCAGCTTGGCAATCCGGTACTGTGCAAAGTGAACACATCGCTAAGCGAAAGCTAAGTAACCA
34,haplo502/3,GTGCTCTTCCGATCT,TTTTATAATGTGGTCTATGTACTTTGAGAGGGTACTGTGAAGCAATTTTCCAGAAATCAGTGAAAGCATACATCTGGAAGAACTTTGGGTTTTGGCACATTTAAATTCTGTCCTAAAGCTATTTGTGCACAGATACAAAACATAGGATTGCCTTATGTGCACTGTGTGCCTGTGGTTAATAGGATCACTCTA,CACTAGAGGGTATATAATGGAAGCTCGACTTCCAGCTTGGCAATCCGGTACTGT,GCAAAGTGAACACATCGCTAAGCGAAAGCTAAG,TAACCA,GTGCTCTTCCGATCTTTTTATAATGTGGTCTATGTACTTTGAGAGGGTACTGTGAAGCAATTTTCCAGAAATCAGTGAAAGCATACATCTGGAAGAACTTTGGGTTTTGGCACATTTAAATTCTGTCCTAAAGCTATTTGTGCACAGATACAAAACATAGGATTGCCTTATGTGCACTGTGTGCCTGTGGTTAATAGGATCACTCTACACTAGAGGGTATATAATGGAAGCTCGACTTCCAGCTTGGCAATCCGGTACTGTGCAAAGTGAACACATCGCTAAGCGAAAGCTAAGTAACCA
35,haplo28/29,GTGCTCTTCCGATCT,CTGACTCTGATTCGTTCCTTCTTAAAAGATGCAAAACCTTTTTCCTATAAGAAACATTGCAAAACGCCTTTTAATAAAATATAAGTTTTCATGAGCCAATAATCAACTCATGCTAACAATTATGTGTCAAGAATATGTAAAAAATGAGAATGACATTGGGGCATTTATTTTGTTACAAAGGCTTTTGGGGTA,CACTAGAGGGTATATAATGGAAGCTCGACTTCCAGCTTGGCAATCCGGTACTGT,GCAAAGTGAACACATCGCTAAGCGAAAGCTAAG,TAACCA,GTGCTCTTCCGATCTCTGACTCTGATTCGTTCCTTCTTAAAAGATGCAAAACCTTTTTCCTATAAGAAACATTGCAAAACGCCTTTTAATAAAATATAAGTTTTCATGAGCCAATAATCAACTCATGCTAACAATTATGTGTCAAGAATATGTAAAAAATGAGAATGACATTGGGGCATTTATTTTGTTACAAAGGCTTTTGGGGTACACTAGAGGGTATATAATGGAAGCTCGACTTCCAGCTTGGCAATCCGGTACTGTGCAAAGTGAACACATCGCTAAGCGAAAGCTAAGTAACCA
36,haplo133,GTGCTCTTCCGATCT,GGCAGAGATTGCTTCAAACTATTGCATAAACAAGGCTGGTTTGTGAACCAAAGGACATGAGCCCCAAACCTGGAGTCGCAGAGGCAGCATGACAGCACAGACAGCACAGCTTCTGGTGTCAGGCATTCCTGCACTCAAAGTCTCAAAGAACCTTCCTCCCTAGCCTTCCACCTGAGTTACTTTAGACAAGGC,CACTAGAGGGTATATAATGGAAGCTCGACTTCCAGCTTGGCAATCCGGTACTGT,GCAAAGTGAACACATCGCTAAGCGAAAGCTAAG,TAACCA,GTGCTCTTCCGATCTGGCAGAGATTGCTTCAAACTATTGCATAAACAAGGCTGGTTTGTGAACCAAAGGACATGAGCCCCAAACCTGGAGTCGCAGAGGCAGCATGACAGCACAGACAGCACAGCTTCTGGTGTCAGGCATTCCTGCACTCAAAGTCTCAAAGAACCTTCCTCCCTAGCCTTCCACCTGAGTTACTTTAGACAAGGCCACTAGAGGGTATATAATGGAAGCTCGACTTCCAGCTTGGCAATCCGGTACTGTGCAAAGTGAACACATCGCTAAGCGAAAGCTAAGTAACCA
37,haplo421,GTGCTCTTCCGATCT,TAATCATTCTGAACCCGGAAGTCTAGAGAGTTTCTGAGGTTTTAGATTGCATCATGTATAATGTCAAATTCTCATACATAGGAAACCCAAACCATCTGACTATAAAGTCTATGGTTCTCAATAATGTTAAGAAGTCTTATTCTCCCTGCAGTAACCAAGATTATTGTCCCTAGTTCTTCACTTTATTCTATA,CACTAGAGGGTATATAATGGAAGCTCGACTTCCAGCTTGGCAATCCGGTACTGT,GCAAAGTGAACACATCGCTAAGCGAAAGCTAAG,TAACCA,GTGCTCTTCCGATCTTAATCATTCTGAACCCGGAAGTCTAGAGAGTTTCTGAGGTTTTAGATTGCATCATGTATAATGTCAAATTCTCATACATAGGAAACCCAAACCATCTGACTATAAAGTCTATGGTTCTCAATAATGTTAAGAAGTCTTATTCTCCCTGCAGTAACCAAGATTATTGTCCCTAGTTCTTCACTTTATTCTATACACTAGAGGGTATATAATGGAAGCTCGACTTCCAGCTTGGCAATCCGGTACTGTGCAAAGTGAACACATCGCTAAGCGAAAGCTAAGTAACCA
38,haplo174-76,GTGCTCTTCCGATCT,GCACCGGGACTGCTGCCTTTATTGGACTTGTTAGTGTCTGTCAGTAAATGATAACTCATTTGAACTGTCTCCAGAATCACAGTGGTGCAGGGCGCAGAAGCTTCTCACATTGGTGTTTCACATTCTAGGGCTTAGAAGGGAGGCAGGGGTCAGGCCACTCCTCCAAACCATGGAGACTGCAAGCCAGAGAGC,CACTAGAGGGTATATAATGGAAGCTCGACTTCCAGCTTGGCAATCCGGTACTGT,GCAAAGTGAACACATCGCTAAGCGAAAGCTAAG,TAACCA,GTGCTCTTCCGATCTGCACCGGGACTGCTGCCTTTATTGGACTTGTTAGTGTCTGTCAGTAAATGATAACTCATTTGAACTGTCTCCAGAATCACAGTGGTGCAGGGCGCAGAAGCTTCTCACATTGGTGTTTCACATTCTAGGGCTTAGAAGGGAGGCAGGGGTCAGGCCACTCCTCCAAACCATGGAGACTGCAAGCCAGAGAGCCACTAGAGGGTATATAATGGAAGCTCGACTTCCAGCTTGGCAATCCGGTACTGTGCAAAGTGAACACATCGCTAAGCGAAAGCTAAGTAACCA
